Workbook

Sheet Overview
A1: DataFactZ AI Training Program — Scoring Rubric
A2: Score each criterion 1.0–5.0 (decimals allowed) on the weekly tabs. Weighted scores compute automatically. Edit only yellow cells.
A4: Criterion | B4: Weight | C4: What we look for
A5: Architectural reasoning | B5: 0.2 | C5: Sound decisions, trade-off analysis, rejected alternatives named, patterns fit the problem
A6: Technical implementation | B6: 0.2 | C6: Working full-stack software: API design, database schema, code quality, error handling, security basics, scalability reasoning, git hygiene
A7: Attention to detail | B7: 0.15 | C7: Zero typos, consistent naming, edge cases handled, no committed secrets, checklists complete
A8: UI & branding | B8: 0.1 | C8: Modern polished UI, DataFactZ brand standards, consistency across apps
A9: Documentation quality | B9: 0.1 | C9: Client-ready writing: clear, structured, complete, correct
A10: Communication & presentation | B10: 0.1 | C10: Demo clarity, timing, Q&A performance, defends decisions
A11: AI usage transparency | B11: 0.05 | C11: Honest, specific AI usage log; can explain everything shipped
A12: Creativity | B12: 0.05 | C12: Thoughtful extras, elegant solutions, justified deviations
A13: Process & timeliness | B13: 0.05 | C13: On-time deliverables, complete status reports, steady commits
A14: Total | B14: =SUM(B5:B13) -> 1
A16: Scoring scale
A17: Score range | B17: Meaning
A18: 4.0 – 5.0 | B18: Client-ready
A19: 3.0 – 3.9 | B19: Minor polish required
A20: 2.5 – 2.9 | B20: Acceptable
A21: 2.0 – 2.4 | B21: Needs more preparation time
A22: Below 2.0 | B22: Did not meet the bar — significant gaps
A24: Legend
A25: Yellow cells with blue text are the cells you edit (weights here; names and 1–5 scores on weekly tabs). Everything else computes automatically.

Sheet Week 1
A1: Week 1 — Use Case 1 — RAG Knowledge Chatbot (Azure)
A2: Enter names and 1.0–5.0 scores (decimals allowed) in yellow cells. Weighted % computes automatically.
A4: Intern | B4: Architectural reasoning (20%) | C4: Technical implementation (20%) | D4: Attention to detail (15%) | E4: UI & branding (10%) | F4: Documentation quality (10%) | G4: Communication & presentation (10%) | H4: AI usage transparency (5%) | I4: Creativity (5%) | J4: Process & timeliness (5%) | K4: Weighted score (0–100) | L4: Notes
A5: Example Intern | B5: 4 | C5: 4 | D5: 3 | E5: 5 | F5: 4 | G5: 4 | H5: 5 | I5: 3 | J5: 4 | K5: =IF(COUNT(B5:J5)<9,"",(B5*Overview!$B$5+C5*Overview!$B$6+D5*Overview!$B$7+E5*Overview!$B$8+F5*Overview!$B$9+G5*Overview!$B$10+H5*Overview!$B$11+I5*Overview!$B$12+J5*Overview!$B$13)/5*100) -> 79 | L5: Delete this example row's scores when scoring real interns
K6: =IF(COUNT(B6:J6)<9,"",(B6*Overview!$B$5+C6*Overview!$B$6+D6*Overview!$B$7+E6*Overview!$B$8+F6*Overview!$B$9+G6*Overview!$B$10+H6*Overview!$B$11+I6*Overview!$B$12+J6*Overview!$B$13)/5*100)
K7: =IF(COUNT(B7:J7)<9,"",(B7*Overview!$B$5+C7*Overview!$B$6+D7*Overview!$B$7+E7*Overview!$B$8+F7*Overview!$B$9+G7*Overview!$B$10+H7*Overview!$B$11+I7*Overview!$B$12+J7*Overview!$B$13)/5*100)
K8: =IF(COUNT(B8:J8)<9,"",(B8*Overview!$B$5+C8*Overview!$B$6+D8*Overview!$B$7+E8*Overview!$B$8+F8*Overview!$B$9+G8*Overview!$B$10+H8*Overview!$B$11+I8*Overview!$B$12+J8*Overview!$B$13)/5*100)
K9: =IF(COUNT(B9:J9)<9,"",(B9*Overview!$B$5+C9*Overview!$B$6+D9*Overview!$B$7+E9*Overview!$B$8+F9*Overview!$B$9+G9*Overview!$B$10+H9*Overview!$B$11+I9*Overview!$B$12+J9*Overview!$B$13)/5*100)
K10: =IF(COUNT(B10:J10)<9,"",(B10*Overview!$B$5+C10*Overview!$B$6+D10*Overview!$B$7+E10*Overview!$B$8+F10*Overview!$B$9+G10*Overview!$B$10+H10*Overview!$B$11+I10*Overview!$B$12+J10*Overview!$B$13)/5*100)
K11: =IF(COUNT(B11:J11)<9,"",(B11*Overview!$B$5+C11*Overview!$B$6+D11*Overview!$B$7+E11*Overview!$B$8+F11*Overview!$B$9+G11*Overview!$B$10+H11*Overview!$B$11+I11*Overview!$B$12+J11*Overview!$B$13)/5*100)
K12: =IF(COUNT(B12:J12)<9,"",(B12*Overview!$B$5+C12*Overview!$B$6+D12*Overview!$B$7+E12*Overview!$B$8+F12*Overview!$B$9+G12*Overview!$B$10+H12*Overview!$B$11+I12*Overview!$B$12+J12*Overview!$B$13)/5*100)
K13: =IF(COUNT(B13:J13)<9,"",(B13*Overview!$B$5+C13*Overview!$B$6+D13*Overview!$B$7+E13*Overview!$B$8+F13*Overview!$B$9+G13*Overview!$B$10+H13*Overview!$B$11+I13*Overview!$B$12+J13*Overview!$B$13)/5*100)
K14: =IF(COUNT(B14:J14)<9,"",(B14*Overview!$B$5+C14*Overview!$B$6+D14*Overview!$B$7+E14*Overview!$B$8+F14*Overview!$B$9+G14*Overview!$B$10+H14*Overview!$B$11+I14*Overview!$B$12+J14*Overview!$B$13)/5*100)
K15: =IF(COUNT(B15:J15)<9,"",(B15*Overview!$B$5+C15*Overview!$B$6+D15*Overview!$B$7+E15*Overview!$B$8+F15*Overview!$B$9+G15*Overview!$B$10+H15*Overview!$B$11+I15*Overview!$B$12+J15*Overview!$B$13)/5*100)
K16: =IF(COUNT(B16:J16)<9,"",(B16*Overview!$B$5+C16*Overview!$B$6+D16*Overview!$B$7+E16*Overview!$B$8+F16*Overview!$B$9+G16*Overview!$B$10+H16*Overview!$B$11+I16*Overview!$B$12+J16*Overview!$B$13)/5*100)

Sheet Week 2
A1: Week 2 — Use Case 2 — Unstructured Document Extraction (open source)
A2: Enter names and 1.0–5.0 scores (decimals allowed) in yellow cells. Weighted % computes automatically.
A4: Intern | B4: Architectural reasoning (20%) | C4: Technical implementation (20%) | D4: Attention to detail (15%) | E4: UI & branding (10%) | F4: Documentation quality (10%) | G4: Communication & presentation (10%) | H4: AI usage transparency (5%) | I4: Creativity (5%) | J4: Process & timeliness (5%) | K4: Weighted score (0–100) | L4: Notes
A5: Example Intern | B5: 4 | C5: 4 | D5: 3 | E5: 5 | F5: 4 | G5: 4 | H5: 5 | I5: 3 | J5: 4 | K5: =IF(COUNT(B5:J5)<9,"",(B5*Overview!$B$5+C5*Overview!$B$6+D5*Overview!$B$7+E5*Overview!$B$8+F5*Overview!$B$9+G5*Overview!$B$10+H5*Overview!$B$11+I5*Overview!$B$12+J5*Overview!$B$13)/5*100) -> 79 | L5: Delete this example row's scores when scoring real interns
K6: =IF(COUNT(B6:J6)<9,"",(B6*Overview!$B$5+C6*Overview!$B$6+D6*Overview!$B$7+E6*Overview!$B$8+F6*Overview!$B$9+G6*Overview!$B$10+H6*Overview!$B$11+I6*Overview!$B$12+J6*Overview!$B$13)/5*100)
K7: =IF(COUNT(B7:J7)<9,"",(B7*Overview!$B$5+C7*Overview!$B$6+D7*Overview!$B$7+E7*Overview!$B$8+F7*Overview!$B$9+G7*Overview!$B$10+H7*Overview!$B$11+I7*Overview!$B$12+J7*Overview!$B$13)/5*100)
K8: =IF(COUNT(B8:J8)<9,"",(B8*Overview!$B$5+C8*Overview!$B$6+D8*Overview!$B$7+E8*Overview!$B$8+F8*Overview!$B$9+G8*Overview!$B$10+H8*Overview!$B$11+I8*Overview!$B$12+J8*Overview!$B$13)/5*100)
K9: =IF(COUNT(B9:J9)<9,"",(B9*Overview!$B$5+C9*Overview!$B$6+D9*Overview!$B$7+E9*Overview!$B$8+F9*Overview!$B$9+G9*Overview!$B$10+H9*Overview!$B$11+I9*Overview!$B$12+J9*Overview!$B$13)/5*100)
K10: =IF(COUNT(B10:J10)<9,"",(B10*Overview!$B$5+C10*Overview!$B$6+D10*Overview!$B$7+E10*Overview!$B$8+F10*Overview!$B$9+G10*Overview!$B$10+H10*Overview!$B$11+I10*Overview!$B$12+J10*Overview!$B$13)/5*100)
K11: =IF(COUNT(B11:J11)<9,"",(B11*Overview!$B$5+C11*Overview!$B$6+D11*Overview!$B$7+E11*Overview!$B$8+F11*Overview!$B$9+G11*Overview!$B$10+H11*Overview!$B$11+I11*Overview!$B$12+J11*Overview!$B$13)/5*100)
K12: =IF(COUNT(B12:J12)<9,"",(B12*Overview!$B$5+C12*Overview!$B$6+D12*Overview!$B$7+E12*Overview!$B$8+F12*Overview!$B$9+G12*Overview!$B$10+H12*Overview!$B$11+I12*Overview!$B$12+J12*Overview!$B$13)/5*100)
K13: =IF(COUNT(B13:J13)<9,"",(B13*Overview!$B$5+C13*Overview!$B$6+D13*Overview!$B$7+E13*Overview!$B$8+F13*Overview!$B$9+G13*Overview!$B$10+H13*Overview!$B$11+I13*Overview!$B$12+J13*Overview!$B$13)/5*100)
K14: =IF(COUNT(B14:J14)<9,"",(B14*Overview!$B$5+C14*Overview!$B$6+D14*Overview!$B$7+E14*Overview!$B$8+F14*Overview!$B$9+G14*Overview!$B$10+H14*Overview!$B$11+I14*Overview!$B$12+J14*Overview!$B$13)/5*100)
K15: =IF(COUNT(B15:J15)<9,"",(B15*Overview!$B$5+C15*Overview!$B$6+D15*Overview!$B$7+E15*Overview!$B$8+F15*Overview!$B$9+G15*Overview!$B$10+H15*Overview!$B$11+I15*Overview!$B$12+J15*Overview!$B$13)/5*100)
K16: =IF(COUNT(B16:J16)<9,"",(B16*Overview!$B$5+C16*Overview!$B$6+D16*Overview!$B$7+E16*Overview!$B$8+F16*Overview!$B$9+G16*Overview!$B$10+H16*Overview!$B$11+I16*Overview!$B$12+J16*Overview!$B$13)/5*100)

Sheet Week 3
A1: Week 3 — Use Case 3 — Breach Analytics: DESIGN REVIEW
A2: Enter names and 1.0–5.0 scores (decimals allowed) in yellow cells. Weighted % computes automatically.
A4: Intern | B4: Architectural reasoning (20%) | C4: Technical implementation (20%) | D4: Attention to detail (15%) | E4: UI & branding (10%) | F4: Documentation quality (10%) | G4: Communication & presentation (10%) | H4: AI usage transparency (5%) | I4: Creativity (5%) | J4: Process & timeliness (5%) | K4: Weighted score (0–100) | L4: Notes
A5: Example Intern | B5: 4 | C5: 4 | D5: 3 | E5: 5 | F5: 4 | G5: 4 | H5: 5 | I5: 3 | J5: 4 | K5: =IF(COUNT(B5:J5)<9,"",(B5*Overview!$B$5+C5*Overview!$B$6+D5*Overview!$B$7+E5*Overview!$B$8+F5*Overview!$B$9+G5*Overview!$B$10+H5*Overview!$B$11+I5*Overview!$B$12+J5*Overview!$B$13)/5*100) -> 79 | L5: Delete this example row's scores when scoring real interns
K6: =IF(COUNT(B6:J6)<9,"",(B6*Overview!$B$5+C6*Overview!$B$6+D6*Overview!$B$7+E6*Overview!$B$8+F6*Overview!$B$9+G6*Overview!$B$10+H6*Overview!$B$11+I6*Overview!$B$12+J6*Overview!$B$13)/5*100)
K7: =IF(COUNT(B7:J7)<9,"",(B7*Overview!$B$5+C7*Overview!$B$6+D7*Overview!$B$7+E7*Overview!$B$8+F7*Overview!$B$9+G7*Overview!$B$10+H7*Overview!$B$11+I7*Overview!$B$12+J7*Overview!$B$13)/5*100)
K8: =IF(COUNT(B8:J8)<9,"",(B8*Overview!$B$5+C8*Overview!$B$6+D8*Overview!$B$7+E8*Overview!$B$8+F8*Overview!$B$9+G8*Overview!$B$10+H8*Overview!$B$11+I8*Overview!$B$12+J8*Overview!$B$13)/5*100)
K9: =IF(COUNT(B9:J9)<9,"",(B9*Overview!$B$5+C9*Overview!$B$6+D9*Overview!$B$7+E9*Overview!$B$8+F9*Overview!$B$9+G9*Overview!$B$10+H9*Overview!$B$11+I9*Overview!$B$12+J9*Overview!$B$13)/5*100)
K10: =IF(COUNT(B10:J10)<9,"",(B10*Overview!$B$5+C10*Overview!$B$6+D10*Overview!$B$7+E10*Overview!$B$8+F10*Overview!$B$9+G10*Overview!$B$10+H10*Overview!$B$11+I10*Overview!$B$12+J10*Overview!$B$13)/5*100)
K11: =IF(COUNT(B11:J11)<9,"",(B11*Overview!$B$5+C11*Overview!$B$6+D11*Overview!$B$7+E11*Overview!$B$8+F11*Overview!$B$9+G11*Overview!$B$10+H11*Overview!$B$11+I11*Overview!$B$12+J11*Overview!$B$13)/5*100)
K12: =IF(COUNT(B12:J12)<9,"",(B12*Overview!$B$5+C12*Overview!$B$6+D12*Overview!$B$7+E12*Overview!$B$8+F12*Overview!$B$9+G12*Overview!$B$10+H12*Overview!$B$11+I12*Overview!$B$12+J12*Overview!$B$13)/5*100)
K13: =IF(COUNT(B13:J13)<9,"",(B13*Overview!$B$5+C13*Overview!$B$6+D13*Overview!$B$7+E13*Overview!$B$8+F13*Overview!$B$9+G13*Overview!$B$10+H13*Overview!$B$11+I13*Overview!$B$12+J13*Overview!$B$13)/5*100)
K14: =IF(COUNT(B14:J14)<9,"",(B14*Overview!$B$5+C14*Overview!$B$6+D14*Overview!$B$7+E14*Overview!$B$8+F14*Overview!$B$9+G14*Overview!$B$10+H14*Overview!$B$11+I14*Overview!$B$12+J14*Overview!$B$13)/5*100)
K15: =IF(COUNT(B15:J15)<9,"",(B15*Overview!$B$5+C15*Overview!$B$6+D15*Overview!$B$7+E15*Overview!$B$8+F15*Overview!$B$9+G15*Overview!$B$10+H15*Overview!$B$11+I15*Overview!$B$12+J15*Overview!$B$13)/5*100)
K16: =IF(COUNT(B16:J16)<9,"",(B16*Overview!$B$5+C16*Overview!$B$6+D16*Overview!$B$7+E16*Overview!$B$8+F16*Overview!$B$9+G16*Overview!$B$10+H16*Overview!$B$11+I16*Overview!$B$12+J16*Overview!$B$13)/5*100)

Sheet Week 4
A1: Week 4 — Use Case 3 build + capstone presentation + innovation idea one-pager
A2: Enter names and 1.0–5.0 scores (decimals allowed) in yellow cells. Weighted % computes automatically.
A4: Intern | B4: Architectural reasoning (20%) | C4: Technical implementation (20%) | D4: Attention to detail (15%) | E4: UI & branding (10%) | F4: Documentation quality (10%) | G4: Communication & presentation (10%) | H4: AI usage transparency (5%) | I4: Creativity (5%) | J4: Process & timeliness (5%) | K4: Weighted score (0–100) | L4: Notes
A5: Example Intern | B5: 4 | C5: 4 | D5: 3 | E5: 5 | F5: 4 | G5: 4 | H5: 5 | I5: 3 | J5: 4 | K5: =IF(COUNT(B5:J5)<9,"",(B5*Overview!$B$5+C5*Overview!$B$6+D5*Overview!$B$7+E5*Overview!$B$8+F5*Overview!$B$9+G5*Overview!$B$10+H5*Overview!$B$11+I5*Overview!$B$12+J5*Overview!$B$13)/5*100) -> 79 | L5: Delete this example row's scores when scoring real interns
K6: =IF(COUNT(B6:J6)<9,"",(B6*Overview!$B$5+C6*Overview!$B$6+D6*Overview!$B$7+E6*Overview!$B$8+F6*Overview!$B$9+G6*Overview!$B$10+H6*Overview!$B$11+I6*Overview!$B$12+J6*Overview!$B$13)/5*100)
K7: =IF(COUNT(B7:J7)<9,"",(B7*Overview!$B$5+C7*Overview!$B$6+D7*Overview!$B$7+E7*Overview!$B$8+F7*Overview!$B$9+G7*Overview!$B$10+H7*Overview!$B$11+I7*Overview!$B$12+J7*Overview!$B$13)/5*100)
K8: =IF(COUNT(B8:J8)<9,"",(B8*Overview!$B$5+C8*Overview!$B$6+D8*Overview!$B$7+E8*Overview!$B$8+F8*Overview!$B$9+G8*Overview!$B$10+H8*Overview!$B$11+I8*Overview!$B$12+J8*Overview!$B$13)/5*100)
K9: =IF(COUNT(B9:J9)<9,"",(B9*Overview!$B$5+C9*Overview!$B$6+D9*Overview!$B$7+E9*Overview!$B$8+F9*Overview!$B$9+G9*Overview!$B$10+H9*Overview!$B$11+I9*Overview!$B$12+J9*Overview!$B$13)/5*100)
K10: =IF(COUNT(B10:J10)<9,"",(B10*Overview!$B$5+C10*Overview!$B$6+D10*Overview!$B$7+E10*Overview!$B$8+F10*Overview!$B$9+G10*Overview!$B$10+H10*Overview!$B$11+I10*Overview!$B$12+J10*Overview!$B$13)/5*100)
K11: =IF(COUNT(B11:J11)<9,"",(B11*Overview!$B$5+C11*Overview!$B$6+D11*Overview!$B$7+E11*Overview!$B$8+F11*Overview!$B$9+G11*Overview!$B$10+H11*Overview!$B$11+I11*Overview!$B$12+J11*Overview!$B$13)/5*100)
K12: =IF(COUNT(B12:J12)<9,"",(B12*Overview!$B$5+C12*Overview!$B$6+D12*Overview!$B$7+E12*Overview!$B$8+F12*Overview!$B$9+G12*Overview!$B$10+H12*Overview!$B$11+I12*Overview!$B$12+J12*Overview!$B$13)/5*100)
K13: =IF(COUNT(B13:J13)<9,"",(B13*Overview!$B$5+C13*Overview!$B$6+D13*Overview!$B$7+E13*Overview!$B$8+F13*Overview!$B$9+G13*Overview!$B$10+H13*Overview!$B$11+I13*Overview!$B$12+J13*Overview!$B$13)/5*100)
K14: =IF(COUNT(B14:J14)<9,"",(B14*Overview!$B$5+C14*Overview!$B$6+D14*Overview!$B$7+E14*Overview!$B$8+F14*Overview!$B$9+G14*Overview!$B$10+H14*Overview!$B$11+I14*Overview!$B$12+J14*Overview!$B$13)/5*100)
K15: =IF(COUNT(B15:J15)<9,"",(B15*Overview!$B$5+C15*Overview!$B$6+D15*Overview!$B$7+E15*Overview!$B$8+F15*Overview!$B$9+G15*Overview!$B$10+H15*Overview!$B$11+I15*Overview!$B$12+J15*Overview!$B$13)/5*100)
K16: =IF(COUNT(B16:J16)<9,"",(B16*Overview!$B$5+C16*Overview!$B$6+D16*Overview!$B$7+E16*Overview!$B$8+F16*Overview!$B$9+G16*Overview!$B$10+H16*Overview!$B$11+I16*Overview!$B$12+J16*Overview!$B$13)/5*100)

Sheet Week 5
A1: Week 5 — Innovation Pitch — self-proposed enterprise use case + Final Learning Report
A2: Enter names and 1.0–5.0 scores (decimals allowed) in yellow cells. Weighted % computes automatically.
A4: Intern | B4: Architectural reasoning (20%) | C4: Technical implementation (20%) | D4: Attention to detail (15%) | E4: UI & branding (10%) | F4: Documentation quality (10%) | G4: Communication & presentation (10%) | H4: AI usage transparency (5%) | I4: Creativity (5%) | J4: Process & timeliness (5%) | K4: Weighted score (0–100) | L4: Notes
A5: Example Intern | B5: 4 | C5: 4 | D5: 3 | E5: 5 | F5: 4 | G5: 4 | H5: 5 | I5: 3 | J5: 4 | K5: =IF(COUNT(B5:J5)<9,"",(B5*Overview!$B$5+C5*Overview!$B$6+D5*Overview!$B$7+E5*Overview!$B$8+F5*Overview!$B$9+G5*Overview!$B$10+H5*Overview!$B$11+I5*Overview!$B$12+J5*Overview!$B$13)/5*100) -> 79 | L5: Delete this example row's scores when scoring real interns
K6: =IF(COUNT(B6:J6)<9,"",(B6*Overview!$B$5+C6*Overview!$B$6+D6*Overview!$B$7+E6*Overview!$B$8+F6*Overview!$B$9+G6*Overview!$B$10+H6*Overview!$B$11+I6*Overview!$B$12+J6*Overview!$B$13)/5*100)
K7: =IF(COUNT(B7:J7)<9,"",(B7*Overview!$B$5+C7*Overview!$B$6+D7*Overview!$B$7+E7*Overview!$B$8+F7*Overview!$B$9+G7*Overview!$B$10+H7*Overview!$B$11+I7*Overview!$B$12+J7*Overview!$B$13)/5*100)
K8: =IF(COUNT(B8:J8)<9,"",(B8*Overview!$B$5+C8*Overview!$B$6+D8*Overview!$B$7+E8*Overview!$B$8+F8*Overview!$B$9+G8*Overview!$B$10+H8*Overview!$B$11+I8*Overview!$B$12+J8*Overview!$B$13)/5*100)
K9: =IF(COUNT(B9:J9)<9,"",(B9*Overview!$B$5+C9*Overview!$B$6+D9*Overview!$B$7+E9*Overview!$B$8+F9*Overview!$B$9+G9*Overview!$B$10+H9*Overview!$B$11+I9*Overview!$B$12+J9*Overview!$B$13)/5*100)
K10: =IF(COUNT(B10:J10)<9,"",(B10*Overview!$B$5+C10*Overview!$B$6+D10*Overview!$B$7+E10*Overview!$B$8+F10*Overview!$B$9+G10*Overview!$B$10+H10*Overview!$B$11+I10*Overview!$B$12+J10*Overview!$B$13)/5*100)
K11: =IF(COUNT(B11:J11)<9,"",(B11*Overview!$B$5+C11*Overview!$B$6+D11*Overview!$B$7+E11*Overview!$B$8+F11*Overview!$B$9+G11*Overview!$B$10+H11*Overview!$B$11+I11*Overview!$B$12+J11*Overview!$B$13)/5*100)
K12: =IF(COUNT(B12:J12)<9,"",(B12*Overview!$B$5+C12*Overview!$B$6+D12*Overview!$B$7+E12*Overview!$B$8+F12*Overview!$B$9+G12*Overview!$B$10+H12*Overview!$B$11+I12*Overview!$B$12+J12*Overview!$B$13)/5*100)
K13: =IF(COUNT(B13:J13)<9,"",(B13*Overview!$B$5+C13*Overview!$B$6+D13*Overview!$B$7+E13*Overview!$B$8+F13*Overview!$B$9+G13*Overview!$B$10+H13*Overview!$B$11+I13*Overview!$B$12+J13*Overview!$B$13)/5*100)
K14: =IF(COUNT(B14:J14)<9,"",(B14*Overview!$B$5+C14*Overview!$B$6+D14*Overview!$B$7+E14*Overview!$B$8+F14*Overview!$B$9+G14*Overview!$B$10+H14*Overview!$B$11+I14*Overview!$B$12+J14*Overview!$B$13)/5*100)
K15: =IF(COUNT(B15:J15)<9,"",(B15*Overview!$B$5+C15*Overview!$B$6+D15*Overview!$B$7+E15*Overview!$B$8+F15*Overview!$B$9+G15*Overview!$B$10+H15*Overview!$B$11+I15*Overview!$B$12+J15*Overview!$B$13)/5*100)
K16: =IF(COUNT(B16:J16)<9,"",(B16*Overview!$B$5+C16*Overview!$B$6+D16*Overview!$B$7+E16*Overview!$B$8+F16*Overview!$B$9+G16*Overview!$B$10+H16*Overview!$B$11+I16*Overview!$B$12+J16*Overview!$B$13)/5*100)

Sheet Summary
A1: Program Summary — per intern
A2: Enter intern names exactly as on the weekly tabs (yellow). Weekly weighted scores pull automatically; blank until scored.
A4: Intern | B4: Week 1 | C4: Week 2 | D4: Week 3 (design) | E4: Week 4 (capstone) | F4: Week 5 (pitch) | G4: Average | H4: Trend (W5−W1) | I4: Readiness call | J4: Conversion notes
A5: Example Intern | B5: =IF($A5="","",IFERROR(INDEX('Week 1'!K:K,MATCH($A5,'Week 1'!A:A,0)),"")) -> 79 | C5: =IF($A5="","",IFERROR(INDEX('Week 2'!K:K,MATCH($A5,'Week 2'!A:A,0)),"")) -> 79 | D5: =IF($A5="","",IFERROR(INDEX('Week 3'!K:K,MATCH($A5,'Week 3'!A:A,0)),"")) -> 79 | E5: =IF($A5="","",IFERROR(INDEX('Week 4'!K:K,MATCH($A5,'Week 4'!A:A,0)),"")) -> 79 | F5: =IF($A5="","",IFERROR(INDEX('Week 5'!K:K,MATCH($A5,'Week 5'!A:A,0)),"")) -> 79 | G5: =IF(COUNT(B5:F5)=0,"",AVERAGE(B5:F5)) -> 79 | H5: =IF(OR(B5="",F5=""),"",F5-B5) -> 0 | I5: Ready with mentoring | J5: Strong reasoning; watch detail scores — example row, replace
B6: =IF($A6="","",IFERROR(INDEX('Week 1'!K:K,MATCH($A6,'Week 1'!A:A,0)),"")) | C6: =IF($A6="","",IFERROR(INDEX('Week 2'!K:K,MATCH($A6,'Week 2'!A:A,0)),"")) | D6: =IF($A6="","",IFERROR(INDEX('Week 3'!K:K,MATCH($A6,'Week 3'!A:A,0)),"")) | E6: =IF($A6="","",IFERROR(INDEX('Week 4'!K:K,MATCH($A6,'Week 4'!A:A,0)),"")) | F6: =IF($A6="","",IFERROR(INDEX('Week 5'!K:K,MATCH($A6,'Week 5'!A:A,0)),"")) | G6: =IF(COUNT(B6:F6)=0,"",AVERAGE(B6:F6)) | H6: =IF(OR(B6="",F6=""),"",F6-B6)
B7: =IF($A7="","",IFERROR(INDEX('Week 1'!K:K,MATCH($A7,'Week 1'!A:A,0)),"")) | C7: =IF($A7="","",IFERROR(INDEX('Week 2'!K:K,MATCH($A7,'Week 2'!A:A,0)),"")) | D7: =IF($A7="","",IFERROR(INDEX('Week 3'!K:K,MATCH($A7,'Week 3'!A:A,0)),"")) | E7: =IF($A7="","",IFERROR(INDEX('Week 4'!K:K,MATCH($A7,'Week 4'!A:A,0)),"")) | F7: =IF($A7="","",IFERROR(INDEX('Week 5'!K:K,MATCH($A7,'Week 5'!A:A,0)),"")) | G7: =IF(COUNT(B7:F7)=0,"",AVERAGE(B7:F7)) | H7: =IF(OR(B7="",F7=""),"",F7-B7)
B8: =IF($A8="","",IFERROR(INDEX('Week 1'!K:K,MATCH($A8,'Week 1'!A:A,0)),"")) | C8: =IF($A8="","",IFERROR(INDEX('Week 2'!K:K,MATCH($A8,'Week 2'!A:A,0)),"")) | D8: =IF($A8="","",IFERROR(INDEX('Week 3'!K:K,MATCH($A8,'Week 3'!A:A,0)),"")) | E8: =IF($A8="","",IFERROR(INDEX('Week 4'!K:K,MATCH($A8,'Week 4'!A:A,0)),"")) | F8: =IF($A8="","",IFERROR(INDEX('Week 5'!K:K,MATCH($A8,'Week 5'!A:A,0)),"")) | G8: =IF(COUNT(B8:F8)=0,"",AVERAGE(B8:F8)) | H8: =IF(OR(B8="",F8=""),"",F8-B8)
B9: =IF($A9="","",IFERROR(INDEX('Week 1'!K:K,MATCH($A9,'Week 1'!A:A,0)),"")) | C9: =IF($A9="","",IFERROR(INDEX('Week 2'!K:K,MATCH($A9,'Week 2'!A:A,0)),"")) | D9: =IF($A9="","",IFERROR(INDEX('Week 3'!K:K,MATCH($A9,'Week 3'!A:A,0)),"")) | E9: =IF($A9="","",IFERROR(INDEX('Week 4'!K:K,MATCH($A9,'Week 4'!A:A,0)),"")) | F9: =IF($A9="","",IFERROR(INDEX('Week 5'!K:K,MATCH($A9,'Week 5'!A:A,0)),"")) | G9: =IF(COUNT(B9:F9)=0,"",AVERAGE(B9:F9)) | H9: =IF(OR(B9="",F9=""),"",F9-B9)
B10: =IF($A10="","",IFERROR(INDEX('Week 1'!K:K,MATCH($A10,'Week 1'!A:A,0)),"")) | C10: =IF($A10="","",IFERROR(INDEX('Week 2'!K:K,MATCH($A10,'Week 2'!A:A,0)),"")) | D10: =IF($A10="","",IFERROR(INDEX('Week 3'!K:K,MATCH($A10,'Week 3'!A:A,0)),"")) | E10: =IF($A10="","",IFERROR(INDEX('Week 4'!K:K,MATCH($A10,'Week 4'!A:A,0)),"")) | F10: =IF($A10="","",IFERROR(INDEX('Week 5'!K:K,MATCH($A10,'Week 5'!A:A,0)),"")) | G10: =IF(COUNT(B10:F10)=0,"",AVERAGE(B10:F10)) | H10: =IF(OR(B10="",F10=""),"",F10-B10)
B11: =IF($A11="","",IFERROR(INDEX('Week 1'!K:K,MATCH($A11,'Week 1'!A:A,0)),"")) | C11: =IF($A11="","",IFERROR(INDEX('Week 2'!K:K,MATCH($A11,'Week 2'!A:A,0)),"")) | D11: =IF($A11="","",IFERROR(INDEX('Week 3'!K:K,MATCH($A11,'Week 3'!A:A,0)),"")) | E11: =IF($A11="","",IFERROR(INDEX('Week 4'!K:K,MATCH($A11,'Week 4'!A:A,0)),"")) | F11: =IF($A11="","",IFERROR(INDEX('Week 5'!K:K,MATCH($A11,'Week 5'!A:A,0)),"")) | G11: =IF(COUNT(B11:F11)=0,"",AVERAGE(B11:F11)) | H11: =IF(OR(B11="",F11=""),"",F11-B11)
B12: =IF($A12="","",IFERROR(INDEX('Week 1'!K:K,MATCH($A12,'Week 1'!A:A,0)),"")) | C12: =IF($A12="","",IFERROR(INDEX('Week 2'!K:K,MATCH($A12,'Week 2'!A:A,0)),"")) | D12: =IF($A12="","",IFERROR(INDEX('Week 3'!K:K,MATCH($A12,'Week 3'!A:A,0)),"")) | E12: =IF($A12="","",IFERROR(INDEX('Week 4'!K:K,MATCH($A12,'Week 4'!A:A,0)),"")) | F12: =IF($A12="","",IFERROR(INDEX('Week 5'!K:K,MATCH($A12,'Week 5'!A:A,0)),"")) | G12: =IF(COUNT(B12:F12)=0,"",AVERAGE(B12:F12)) | H12: =IF(OR(B12="",F12=""),"",F12-B12)
B13: =IF($A13="","",IFERROR(INDEX('Week 1'!K:K,MATCH($A13,'Week 1'!A:A,0)),"")) | C13: =IF($A13="","",IFERROR(INDEX('Week 2'!K:K,MATCH($A13,'Week 2'!A:A,0)),"")) | D13: =IF($A13="","",IFERROR(INDEX('Week 3'!K:K,MATCH($A13,'Week 3'!A:A,0)),"")) | E13: =IF($A13="","",IFERROR(INDEX('Week 4'!K:K,MATCH($A13,'Week 4'!A:A,0)),"")) | F13: =IF($A13="","",IFERROR(INDEX('Week 5'!K:K,MATCH($A13,'Week 5'!A:A,0)),"")) | G13: =IF(COUNT(B13:F13)=0,"",AVERAGE(B13:F13)) | H13: =IF(OR(B13="",F13=""),"",F13-B13)
B14: =IF($A14="","",IFERROR(INDEX('Week 1'!K:K,MATCH($A14,'Week 1'!A:A,0)),"")) | C14: =IF($A14="","",IFERROR(INDEX('Week 2'!K:K,MATCH($A14,'Week 2'!A:A,0)),"")) | D14: =IF($A14="","",IFERROR(INDEX('Week 3'!K:K,MATCH($A14,'Week 3'!A:A,0)),"")) | E14: =IF($A14="","",IFERROR(INDEX('Week 4'!K:K,MATCH($A14,'Week 4'!A:A,0)),"")) | F14: =IF($A14="","",IFERROR(INDEX('Week 5'!K:K,MATCH($A14,'Week 5'!A:A,0)),"")) | G14: =IF(COUNT(B14:F14)=0,"",AVERAGE(B14:F14)) | H14: =IF(OR(B14="",F14=""),"",F14-B14)
B15: =IF($A15="","",IFERROR(INDEX('Week 1'!K:K,MATCH($A15,'Week 1'!A:A,0)),"")) | C15: =IF($A15="","",IFERROR(INDEX('Week 2'!K:K,MATCH($A15,'Week 2'!A:A,0)),"")) | D15: =IF($A15="","",IFERROR(INDEX('Week 3'!K:K,MATCH($A15,'Week 3'!A:A,0)),"")) | E15: =IF($A15="","",IFERROR(INDEX('Week 4'!K:K,MATCH($A15,'Week 4'!A:A,0)),"")) | F15: =IF($A15="","",IFERROR(INDEX('Week 5'!K:K,MATCH($A15,'Week 5'!A:A,0)),"")) | G15: =IF(COUNT(B15:F15)=0,"",AVERAGE(B15:F15)) | H15: =IF(OR(B15="",F15=""),"",F15-B15)
B16: =IF($A16="","",IFERROR(INDEX('Week 1'!K:K,MATCH($A16,'Week 1'!A:A,0)),"")) | C16: =IF($A16="","",IFERROR(INDEX('Week 2'!K:K,MATCH($A16,'Week 2'!A:A,0)),"")) | D16: =IF($A16="","",IFERROR(INDEX('Week 3'!K:K,MATCH($A16,'Week 3'!A:A,0)),"")) | E16: =IF($A16="","",IFERROR(INDEX('Week 4'!K:K,MATCH($A16,'Week 4'!A:A,0)),"")) | F16: =IF($A16="","",IFERROR(INDEX('Week 5'!K:K,MATCH($A16,'Week 5'!A:A,0)),"")) | G16: =IF(COUNT(B16:F16)=0,"",AVERAGE(B16:F16)) | H16: =IF(OR(B16="",F16=""),"",F16-B16)
A18: Readiness scale: Ready for client engagement · Ready with mentoring · Not yet ready

Sheet Cert Tracker
A1: Claude Certified Architect (CCA-F) — progress tracker
A2: All yellow cells are manual entry, updated from weekly status reports. Gate column flags automatically at 90%+.
A4: Intern | B4: Skilljar courses completed | C4: Practice test 1 (%) | D4: Practice test 2 (%) | E4: Practice test 3 (%) | F4: Best score (%) | G4: 90% gate met? | H4: Exam booked (date) | I4: Exam result | J4: Notes
A5: Example Intern | B5: Building with the Claude API; MCP Intro | C5: 0.78 | D5: 0.86 | E5: 0.92 | F5: =IF(COUNT(C5:E5)=0,"",MAX(C5:E5)) -> 0.92 | G5: =IF(F5="","",IF(F5>=0.9,"YES — may book","Not yet")) -> YES — may book | J5: Example row — replace. Exam via Pearson VUE, DataFactZ email only.
F6: =IF(COUNT(C6:E6)=0,"",MAX(C6:E6)) | G6: =IF(F6="","",IF(F6>=0.9,"YES — may book","Not yet"))
F7: =IF(COUNT(C7:E7)=0,"",MAX(C7:E7)) | G7: =IF(F7="","",IF(F7>=0.9,"YES — may book","Not yet"))
F8: =IF(COUNT(C8:E8)=0,"",MAX(C8:E8)) | G8: =IF(F8="","",IF(F8>=0.9,"YES — may book","Not yet"))
F9: =IF(COUNT(C9:E9)=0,"",MAX(C9:E9)) | G9: =IF(F9="","",IF(F9>=0.9,"YES — may book","Not yet"))
F10: =IF(COUNT(C10:E10)=0,"",MAX(C10:E10)) | G10: =IF(F10="","",IF(F10>=0.9,"YES — may book","Not yet"))
F11: =IF(COUNT(C11:E11)=0,"",MAX(C11:E11)) | G11: =IF(F11="","",IF(F11>=0.9,"YES — may book","Not yet"))
F12: =IF(COUNT(C12:E12)=0,"",MAX(C12:E12)) | G12: =IF(F12="","",IF(F12>=0.9,"YES — may book","Not yet"))
F13: =IF(COUNT(C13:E13)=0,"",MAX(C13:E13)) | G13: =IF(F13="","",IF(F13>=0.9,"YES — may book","Not yet"))
F14: =IF(COUNT(C14:E14)=0,"",MAX(C14:E14)) | G14: =IF(F14="","",IF(F14>=0.9,"YES — may book","Not yet"))
F15: =IF(COUNT(C15:E15)=0,"",MAX(C15:E15)) | G15: =IF(F15="","",IF(F15>=0.9,"YES — may book","Not yet"))
F16: =IF(COUNT(C16:E16)=0,"",MAX(C16:E16)) | G16: =IF(F16="","",IF(F16>=0.9,"YES — may book","Not yet"))
